region,season,phase,lag,n_days,anom_mean
japan,JJA,1,0,92,-0.5990458190660422
japan,JJA,1,5,100,0.22813277444196126
japan,JJA,1,10,108,0.08406314180037812
japan,JJA,2,0,65,0.3069215170848806
japan,JJA,2,5,77,0.30358627073963224
japan,JJA,2,10,89,0.10066396440872057
japan,JJA,3,0,59,0.18049970855499436
japan,JJA,3,5,68,0.26540818944824307
japan,JJA,3,10,68,-0.30721785540110924
japan,JJA,4,0,59,0.8539209656911423
japan,JJA,4,5,59,0.5539186726916099
japan,JJA,4,10,53,0.3332457313759581
japan,JJA,5,0,86,0.5288538276413562
japan,JJA,5,5,74,0.7405964624435046
japan,JJA,5,10,70,0.6248497988678703
japan,JJA,6,0,85,-0.3449885072947501
japan,JJA,6,5,85,-0.24937701032328
japan,JJA,6,10,86,-0.09987345230820358
japan,JJA,7,0,75,0.5745894504957034
japan,JJA,7,5,81,0.22195556056665627
japan,JJA,7,10,90,0.6491720422508126
japan,JJA,8,0,70,1.1102712426924135
japan,JJA,8,5,75,-0.05214608130525675
japan,JJA,8,10,70,-0.23942327462335608
japan,JJ,1,0,76,-0.8069294336819443
japan,JJ,1,5,76,0.1747888069122118
japan,JJ,1,10,79,0.06513769908879014
japan,JJ,2,0,51,0.08941053060033462
japan,JJ,2,5,63,0.3386205999169481
japan,JJ,2,10,75,0.11548473742568682
japan,JJ,3,0,45,0.38524635000686497
japan,JJ,3,5,54,0.1362771158874545
japan,JJ,3,10,54,-0.45005789197464396
japan,JJ,4,0,45,0.4775003694120494
japan,JJ,4,5,46,0.3549846378202735
japan,JJ,4,10,43,-0.2050568081386381
japan,JJ,5,0,50,0.6605566919482916
japan,JJ,5,5,45,0.4018777449721335
japan,JJ,5,10,41,0.3168989603512751
japan,JJ,6,0,59,-0.24832843031215715
japan,JJ,6,5,55,-0.8507981564197246
japan,JJ,6,10,53,-0.19981417578274094
japan,JJ,7,0,60,0.07421910092318601
japan,JJ,7,5,66,0.16733694640033966
japan,JJ,7,10,70,0.0505227827713069
japan,JJ,8,0,44,1.3320305960772008
japan,JJ,8,5,54,-0.8380665632725776
japan,JJ,8,10,59,-0.6381598816867843
japan,AUG,1,0,16,0.38840134970928425
japan,AUG,1,5,24,0.39705533321160486
japan,AUG,1,10,29,0.1356186596923329
japan,AUG,2,0,14,1.0992829583346064
japan,AUG,2,5,14,0.14593178406741253
japan,AUG,2,10,14,0.021266973158124154
japan,AUG,3,0,14,-0.4776144970660971
japan,AUG,3,5,14,0.7634851887084707
japan,AUG,3,10,14,0.2437365696210784
japan,AUG,4,0,14,2.0638443111126854
japan,AUG,4,5,13,1.2578390936384354
japan,AUG,4,10,10,2.647946659253582
japan,AUG,5,0,36,0.3459331807960253
japan,AUG,5,5,29,1.2661944769278448
japan,AUG,5,10,29,1.0602285669383318
japan,AUG,6,0,26,-0.5643325306183737
japan,AUG,6,5,30,0.853228425272653
japan,AUG,6,10,33,0.06063740511409438
japan,AUG,7,0,15,2.57607083836275
japan,AUG,7,5,15,0.46227748710376576
japan,AUG,7,10,20,2.7444444470502463
japan,AUG,8,0,26,0.7349861760775668
japan,AUG,8,5,21,1.968792306083915
japan,AUG,8,10,11,1.8992548917395558
north_japan,JJA,1,0,92,-0.7160862962291437
north_japan,JJA,1,5,100,-0.48704839747650064
north_japan,JJA,1,10,108,-0.5894759488873254
north_japan,JJA,2,0,65,0.13214709790265178
north_japan,JJA,2,5,77,0.35692720118810767
north_japan,JJA,2,10,89,0.8843341136920253
north_japan,JJA,3,0,59,0.044551381349255466
north_japan,JJA,3,5,68,0.10604736425782943
north_japan,JJA,3,10,68,-0.5929323809915551
north_japan,JJA,4,0,59,0.08152745196716517
north_japan,JJA,4,5,59,-0.038231387302198334
north_japan,JJA,4,10,53,-0.49699179662546544
north_japan,JJA,5,0,86,0.017644364322878595
north_japan,JJA,5,5,74,0.3361290120820274
north_japan,JJA,5,10,70,-0.24100567236347725
north_japan,JJA,6,0,85,-0.48846899390704507
north_japan,JJA,6,5,85,-0.026050178186916406
north_japan,JJA,6,10,86,-0.21767151647624128
north_japan,JJA,7,0,75,0.46001421865147957
north_japan,JJA,7,5,81,-0.484503641161879
north_japan,JJA,7,10,90,0.5738987180938165
north_japan,JJA,8,0,70,0.6071878063337587
north_japan,JJA,8,5,75,-0.25369804585175454
north_japan,JJA,8,10,70,-0.7167192650437194
north_japan,JJ,1,0,76,-0.5639843649176849
north_japan,JJ,1,5,76,-0.8133533468089325
north_japan,JJ,1,10,79,-0.5363038958527186
north_japan,JJ,2,0,51,0.055538403713140026
north_japan,JJ,2,5,63,0.5473478238486308
north_japan,JJ,2,10,75,0.7606552974040783
north_japan,JJ,3,0,45,0.047963138060066884
north_japan,JJ,3,5,54,-0.28494972305056615
north_japan,JJ,3,10,54,-0.7619601941072981
north_japan,JJ,4,0,45,-0.6990305439325641
north_japan,JJ,4,5,46,-0.6340126691230883
north_japan,JJ,4,10,43,-1.1190644781859018
north_japan,JJ,5,0,50,0.326446789337539
north_japan,JJ,5,5,45,0.5290559658456248
north_japan,JJ,5,10,41,-0.5944020050965404
north_japan,JJ,6,0,59,-0.19455346475038224
north_japan,JJ,6,5,55,-0.7195453052868437
north_japan,JJ,6,10,53,-0.08376504446913487
north_japan,JJ,7,0,60,-0.14688068520900693
north_japan,JJ,7,5,66,-0.13312297769489764
north_japan,JJ,7,10,70,0.5941708362998761
north_japan,JJ,8,0,44,1.3516498427847299
north_japan,JJ,8,5,54,0.012570008713563762
north_japan,JJ,8,10,59,-0.8620330504616588
north_japan,AUG,1,0,16,-1.4385704867883584
north_japan,AUG,1,5,24,0.5462506133952365
north_japan,AUG,1,10,29,-0.7343239492231711
north_japan,AUG,2,0,14,0.41122161549306635
north_japan,AUG,2,5,14,-0.4999655909778762
north_japan,AUG,2,10,14,1.5468992031967213
north_japan,AUG,3,0,14,0.0335849988139866
north_japan,AUG,3,5,14,1.614178992959958
north_japan,AUG,3,10,14,0.0590320475405657
north_japan,AUG,4,0,14,2.5904638614488964
north_japan,AUG,4,5,13,2.069917757620616
north_japan,AUG,4,10,10,2.177920683574778
north_japan,AUG,5,0,36,-0.41124789466866013
north_japan,AUG,5,5,29,0.03675960333629364
north_japan,AUG,5,10,29,0.258623628114879
north_japan,AUG,6,0,26,-1.1554311460335491
north_japan,AUG,6,5,30,1.2453575617089239
north_japan,AUG,6,10,33,-0.4327334221812724
north_japan,AUG,7,0,15,2.887593833660545
north_japan,AUG,7,5,15,-2.030578565159138
north_japan,AUG,7,10,20,0.5029463060896924
north_japan,AUG,8,0,26,-0.6526710290495351
north_japan,AUG,8,5,21,-0.9383873273186245
north_japan,AUG,8,10,11,0.06269103832830326
east_japan,JJA,1,0,92,-0.734523480467202
east_japan,JJA,1,5,100,1.2820861309471308
east_japan,JJA,1,10,108,0.5042799666666518
east_japan,JJA,2,0,65,0.7848566062522704
east_japan,JJA,2,5,77,0.05628258807797242
east_japan,JJA,2,10,89,-0.8562643091620279
east_japan,JJA,3,0,59,-0.4128742992102938
east_japan,JJA,3,5,68,-0.15931181850329493
east_japan,JJA,3,10,68,-0.0349200666735267
east_japan,JJA,4,0,59,0.6330493356292224
east_japan,JJA,4,5,59,-0.335782397099037
east_japan,JJA,4,10,53,0.5222143556156515
east_japan,JJA,5,0,86,-0.9475671062179175
east_japan,JJA,5,5,74,0.09767697179318333
east_japan,JJA,5,10,70,0.41516283939747967
east_japan,JJA,6,0,85,-0.7511900782855292
east_japan,JJA,6,5,85,-0.2745248975495125
east_japan,JJA,6,10,86,0.43787027004995305
east_japan,JJA,7,0,75,0.39559892774999855
east_japan,JJA,7,5,81,1.3825790243006935
east_japan,JJA,7,10,90,1.1516179833718379
east_japan,JJA,8,0,70,2.6309122327510863
east_japan,JJA,8,5,75,-0.7304489046994034
east_japan,JJA,8,10,70,0.3952811046246012
east_japan,JJ,1,0,76,-0.5618102304587845
east_japan,JJ,1,5,76,1.8176421520405905
east_japan,JJ,1,10,79,0.5368100160313742
east_japan,JJ,2,0,51,0.06440386412118584
east_japan,JJ,2,5,63,0.5959457170918199
east_japan,JJ,2,10,75,-0.8560347888194338
east_japan,JJ,3,0,45,-0.039893784160477695
east_japan,JJ,3,5,54,-0.09212385692976878
east_japan,JJ,3,10,54,-0.7299693120333031
east_japan,JJ,4,0,45,1.0642998251866735
east_japan,JJ,4,5,46,-0.46806343388912297
east_japan,JJ,4,10,43,0.05230950608684605
east_japan,JJ,5,0,50,-1.2053148374474965
east_japan,JJ,5,5,45,-0.9685251079784786
east_japan,JJ,5,10,41,0.07796645453677682
east_japan,JJ,6,0,59,-1.2369590636733538
east_japan,JJ,6,5,55,-0.5990882406344802
east_japan,JJ,6,10,53,0.3549261542324234
east_japan,JJ,7,0,60,0.7687716463711446
east_japan,JJ,7,5,66,1.1192075952537994
east_japan,JJ,7,10,70,0.3223897327254508
east_japan,JJ,8,0,44,3.959844782969813
east_japan,JJ,8,5,54,-0.5116860235174634
east_japan,JJ,8,10,59,0.5366602524217569
east_japan,AUG,1,0,16,-1.5549114229429633
east_japan,AUG,1,5,24,-0.4138412892436914
east_japan,AUG,1,10,29,0.4156636245905256
east_japan,AUG,2,0,14,3.4093630279696017
east_japan,AUG,2,5,14,-2.3722014945229706
east_japan,AUG,2,10,14,-0.8574938287579849
east_japan,AUG,3,0,14,-1.6117402300523316
east_japan,AUG,3,5,14,-0.4184653999200046
east_japan,AUG,3,10,14,2.645984161942205
east_japan,AUG,4,0,14,-0.7531129562292789
east_japan,AUG,4,5,13,0.13228897039393256
east_japan,AUG,4,10,10,2.542805204249742
east_japan,AUG,5,0,36,-0.5895841452496017
east_japan,AUG,5,5,29,1.7521285010149386
east_japan,AUG,5,10,29,0.8918887545556026
east_japan,AUG,6,0,26,0.35113184198159886
east_japan,AUG,6,5,30,0.3205078979435191
east_japan,AUG,6,10,33,0.5710835446551761
east_japan,AUG,7,0,15,-1.097091984132752
east_japan,AUG,7,5,15,2.541413335734122
east_japan,AUG,7,10,20,4.053916869711676
east_japan,AUG,8,0,26,0.381949442315057
east_japan,AUG,8,5,21,-1.29298202255206
east_japan,AUG,8,10,11,-0.3630252358698008
west_japan,JJA,1,0,92,-0.6011981722098779
west_japan,JJA,1,5,100,1.5480381328724144
west_japan,JJA,1,10,108,0.5088003775357923
west_japan,JJA,2,0,65,1.2766395792405303
west_japan,JJA,2,5,77,0.04383241123879531
west_japan,JJA,2,10,89,-1.4575858534808546
west_japan,JJA,3,0,59,0.16693490419895718
west_japan,JJA,3,5,68,0.5848706593153296
west_japan,JJA,3,10,68,-0.7599616497740901
west_japan,JJA,4,0,59,2.087192170387782
west_japan,JJA,4,5,59,0.0016264444451246365
west_japan,JJA,4,10,53,1.5262335374877618
west_japan,JJA,5,0,86,0.876690907884588
west_japan,JJA,5,5,74,1.3004886784618666
west_japan,JJA,5,10,70,1.3357431309617147
west_japan,JJA,6,0,85,-1.4034390712574452
west_japan,JJA,6,5,85,-0.4623663041205965
west_japan,JJA,6,10,86,-0.05686937564902356
west_japan,JJA,7,0,75,1.4691203690748262
west_japan,JJA,7,5,81,2.0103474027624455
west_japan,JJA,7,10,90,1.5010032513463951
west_japan,JJA,8,0,70,2.9236104508663896
west_japan,JJA,8,5,75,-0.5614657725016188
west_japan,JJA,8,10,70,0.4264149643860964
west_japan,JJ,1,0,76,-1.0797090246100214
west_japan,JJ,1,5,76,2.1415548947443783
west_japan,JJ,1,10,79,0.8544193097520063
west_japan,JJ,2,0,51,1.228517384339371
west_japan,JJ,2,5,63,0.38024822140430437
west_japan,JJ,2,10,75,-1.3454123119310084
west_japan,JJ,3,0,45,0.8721514892142931
west_japan,JJ,3,5,54,0.6991507713764551
west_japan,JJ,3,10,54,-0.8461840034729406
west_japan,JJ,4,0,45,2.501951939337645
west_japan,JJ,4,5,46,0.024126116545545258
west_japan,JJ,4,10,43,1.5414742324596604
west_japan,JJ,5,0,50,-0.2982362729108784
west_japan,JJ,5,5,45,0.18164173540213105
west_japan,JJ,5,10,41,0.9989360817873436
west_japan,JJ,6,0,59,-1.791890553814414
west_japan,JJ,6,5,55,-1.2113380746424178
west_japan,JJ,6,10,53,-1.0277968744780144
west_japan,JJ,7,0,60,1.171612171744349
west_japan,JJ,7,5,66,1.3760838394119173
west_japan,JJ,7,10,70,0.16654201564571033
west_japan,JJ,8,0,44,3.412593919899057
west_japan,JJ,8,5,54,-1.6976817783253084
west_japan,JJ,8,10,59,0.006104211986625387
west_japan,AUG,1,0,16,1.6717283826086586
west_japan,AUG,1,5,24,-0.3314316441098683
west_japan,AUG,1,10,29,-0.4327132573734386
west_japan,AUG,2,0,14,1.4519418220146254
west_japan,AUG,2,5,14,-1.4700387613104746
west_japan,AUG,2,10,14,-2.0585155661246066
west_japan,AUG,3,0,14,-2.099832672423456
west_japan,AUG,3,5,14,0.14407595894561293
west_japan,AUG,3,10,14,-0.4273897366645812
west_japan,AUG,4,0,14,0.7540357408053188
west_japan,AUG,4,5,13,-0.07798780621654193
west_japan,AUG,4,10,10,1.4606985534776569
west_japan,AUG,5,0,36,2.5085341973342175
west_japan,AUG,5,5,29,3.0366304733173552
west_japan,AUG,5,10,29,1.8119186261897582
west_japan,AUG,6,0,26,-0.5219530305022119
west_japan,AUG,6,5,30,0.9107486206178768
west_japan,AUG,6,10,33,1.5024990233218252
west_japan,AUG,7,0,15,2.65915316197248
west_japan,AUG,7,5,15,4.801107172791333
west_japan,AUG,7,10,20,6.171617554420526
west_japan,AUG,8,0,26,2.096099963375466
west_japan,AUG,8,5,21,2.3602325214401487
west_japan,AUG,8,10,11,2.6808090088622536
okinawa,JJA,1,0,92,-1.243180833113086
okinawa,JJA,1,5,100,-3.2094440605220234
okinawa,JJA,1,10,108,-2.245078884922248
okinawa,JJA,2,0,65,-2.80305891113219
okinawa,JJA,2,5,77,-0.7660073918855984
okinawa,JJA,2,10,89,-1.5760978934718324
okinawa,JJA,3,0,59,-0.19094105367439432
okinawa,JJA,3,5,68,-0.9575281621387328
okinawa,JJA,3,10,68,-2.743735265021592
okinawa,JJA,4,0,59,-1.7011353349648777
okinawa,JJA,4,5,59,-0.3342276341697857
okinawa,JJA,4,10,53,-0.07063596988563889
okinawa,JJA,5,0,86,-1.0083921817681876
okinawa,JJA,5,5,74,-2.077321504357597
okinawa,JJA,5,10,70,0.8175439213357426
okinawa,JJA,6,0,85,0.9618924857124205
okinawa,JJA,6,5,85,1.3614214032112428
okinawa,JJA,6,10,86,2.991562295219068
okinawa,JJA,7,0,75,1.4827922988489552
okinawa,JJA,7,5,81,4.804422108220653
okinawa,JJA,7,10,90,-0.05238214390706284
okinawa,JJA,8,0,70,2.7535154105005843
okinawa,JJA,8,5,75,-1.7766053779446929
okinawa,JJA,8,10,70,-1.9935439878479768
okinawa,JJ,1,0,76,-1.8466089390205036
okinawa,JJ,1,5,76,-3.123832751494023
okinawa,JJ,1,10,79,-3.101760017946602
okinawa,JJ,2,0,51,-2.713443235538398
okinawa,JJ,2,5,63,-1.5600575043113827
okinawa,JJ,2,10,75,-1.1203683560122528
okinawa,JJ,3,0,45,-1.2530117324043644
okinawa,JJ,3,5,54,-2.0792314058492427
okinawa,JJ,3,10,54,-2.4389592081041656
okinawa,JJ,4,0,45,-1.3368577636796128
okinawa,JJ,4,5,46,-1.0033925115315783
okinawa,JJ,4,10,43,-0.7521261091241676
okinawa,JJ,5,0,50,-3.0012092480686023
okinawa,JJ,5,5,45,-1.9386484359813616
okinawa,JJ,5,10,41,1.5513937397900586
okinawa,JJ,6,0,59,1.340959071362504
okinawa,JJ,6,5,55,1.6260630306951107
okinawa,JJ,6,10,53,3.5825736912586454
okinawa,JJ,7,0,60,1.9116436671417945
okinawa,JJ,7,5,66,4.309191109889701
okinawa,JJ,7,10,70,0.7322934097116177
okinawa,JJ,8,0,44,3.0733421349096774
okinawa,JJ,8,5,54,-1.4805576734913726
okinawa,JJ,8,10,59,-2.0045398712980007
okinawa,AUG,1,0,16,1.62310263675904
okinawa,AUG,1,5,24,-3.4805465360136916
okinawa,AUG,1,10,29,0.08863869401786756
okinawa,AUG,2,0,14,-3.129516015438372
okinawa,AUG,2,5,14,2.80721807633077
okinawa,AUG,2,10,14,-4.0175061471736475
okinawa,AUG,3,0,14,3.2228575483416195
okinawa,AUG,3,5,14,3.369041502578064
okinawa,AUG,3,10,14,-3.91930003356782
okinawa,AUG,4,0,14,-2.872027509415741
okinawa,AUG,4,5,13,2.0335865231449524
okinawa,AUG,4,10,10,2.8597715769601253
okinawa,AUG,5,0,36,1.7594093073841464
okinawa,AUG,5,5,29,-2.2925038491346608
okinawa,AUG,5,10,29,-0.21996788023559508
okinawa,AUG,6,0,26,0.10170293511306987
okinawa,AUG,6,5,30,0.8762450676247374
okinawa,AUG,6,10,33,2.0423622340679275
okinawa,AUG,7,0,15,-0.23261314564495242
okinawa,AUG,7,5,15,6.983438509207314
okinawa,AUG,7,10,20,-2.7987465651353003
okinawa,AUG,8,0,26,2.212270204851026
okinawa,AUG,8,5,21,-2.5378709012052116
okinawa,AUG,8,10,11,-1.9345659946634521
